taxonID,scientific name,kingdom,phylum,class,order,family,genus,taxon rank,nomenclatural code,location,country code,occurrence status,establishment means,degree of establishment,introduction pathway 1,introduction pathway 2,introduction pathway 3,introduction pathway 4,introduction pathway 5,introduction pathway 6,introduction pathway 7,date first observation,date last observation,source,occurrence remarks,native range,terrestrial,marine,freshwater,date added,added by,verified by
104262,"Acartia (Acanthacartia) tonsa Dana, 1849",Animalia,Arthropoda,Copepoda,Calanoida,Acartiidae,Acartia,species,ICZN,Mainland,PT,present,introduced,established,ballastWater,,,,,,,1982,,"Sobral, P. (1985). Distribuição de Acartia tonsa Dana no estuário do Tejo e sua relação com Acartia clausi Giesbrecht. Bol. Inst. Nac. Invest. Pescas, Lisboa, 13, 61-75.",,Tropical Atlantic,FALSE,TRUE,FALSE,2025-11-25,Romeu S. Ribeiro,Romeu S. Ribeiro
144488,Acrothamnion preissii (Sonder) E.M.Wollaston,Plantae,Rhodophyta,Acrothamnion preissii (Sonder) E.M.Wollaston,Acrothamnion preissii (Sonder) E.M.Wollaston,Ceramiaceae,Acrothamnion,species,ICN,Azores,PT,present,introduced,casual,hullFouling,,,,,,,2009,,https://doi.org/10.1515/bot-2017-0060.,,Western Indo-Pacific,FALSE,TRUE,FALSE,2025-11-25,Romeu S. Ribeiro,Romeu S. Ribeiro
241175,"Afropinnotheres monodi R.B. Manning, 1993",Animalia,Arthropoda,Malacostraca,Decapoda,Pinnotheridae,Afropinnotheres,species,ICZN,Mainland,PT,present,introduced,colonising,contaminantOnAnimals,ballastWater,,,,,,2016,,https://doi.org/10.1007/s12526-017-0754-8,,Temperate Northern Atlantic,FALSE,TRUE,FALSE,2025-11-25,Romeu S. Ribeiro,Romeu S. Ribeiro
851589,"Amathia gracilis (Leidy, 1855)",Plantae,Bryozoa,Gymnolaemata,Ctenostomatida,Vesiculariidae,Amathia,species,ICN,Azores,PT,present,introduced,casual,hullFouling,,,,,,,2013,,https://doi.org/10.1007/s12526-017-0833-x.,,Temperate Northern Atlantic,FALSE,TRUE,FALSE,2025-11-26,Romeu S. Ribeiro,Romeu S. Ribeiro
851581,"Amathia verticillata Della Chiaje, 1828",Plantae,Bryozoa,Gymnolaemata,Ctenostomatida,Vesiculariidae,Amathia,species,ICN,Azores,PT,present,introduced,established,hullFouling,,,,,,,2008,,https://doi.org/10.1016/j.marpolbul.2009.02.019.,,Tropical Atlantic,FALSE,TRUE,FALSE,2025-11-26,Romeu S. Ribeiro,Romeu S. Ribeiro
851581,"Amathia verticillata Della Chiaje, 1828",Plantae,Bryozoa,Gymnolaemata,Ctenostomatida,Vesiculariidae,Amathia,species,ICN,Madeira,PT,present,introduced,established,hullFouling,,,,,,,2008,,https://doi.org/10.3391/ai.2009.4.4.11,,Tropical Atlantic,FALSE,TRUE,FALSE,2025-11-26,Romeu S. Ribeiro,Romeu S. Ribeiro
101899,"Ampelisca heterodactyla Schellenberg, 1925",Animalia,Arthropoda,Malacostraca,Amphipoda,Ampeliscidae,Ampelisca,species,ICZN,Mainland,PT,present,introduced,colonising,ballastWater,hullFouling,,,,,,1977,,https://doi.org/10.1163/26660644-06102001,,Tropical Atlantic,FALSE,TRUE,FALSE,2025-11-26,Romeu S. Ribeiro,Romeu S. Ribeiro
421137,"Amphibalanus amphitrite (Darwin, 1854)",Animalia,Arthropoda,Thecostraca,Balanomorpha,Balanidae,Amphibalanus,species,ICZN,Mainland,PT,present,introduced,widespreadInvasive,hullFouling,ballastWater,,,,,,1974,,"Saldanha L. (1974). Estudo do povoamento dos horizontes superiores da rocha litoral da costa da Arrábida. Arquivos do Museu Bocage, Segunda Série, V(1): 1-382 (PhD thesis)",,Central Indo-Pacific,FALSE,TRUE,FALSE,2025-11-26,Romeu S. Ribeiro,Romeu S. Ribeiro
421137,"Amphibalanus amphitrite (Darwin, 1854)",Animalia,Arthropoda,Thecostraca,Balanomorpha,Balanidae,Amphibalanus,species,ICZN,Azores,PT,present,introduced,colonising,hullFouling,ballastWater,,,,,,1887,,"Gruvel, A. (1920). ""Cirrhipèdes"". Résultats des campagnes scientifiques accomplies sur son yacht par Albert 1er. Prince Souverain de Monaco, 53, 1–88.",,Central Indo-Pacific,FALSE,TRUE,FALSE,2025-11-26,Romeu S. Ribeiro,Romeu S. Ribeiro
421137,"Amphibalanus amphitrite (Darwin, 1854)",Animalia,Arthropoda,Thecostraca,Balanomorpha,Balanidae,Amphibalanus,species,ICZN,Madeira,PT,present,introduced,colonising,hullFouling,ballastWater,,,,,,2005,,"Wirtz, P. (2006). Ten invertebrates new for the marine fauna of Madeira. Arquipélago - Life and Marine Science, 23A, 75–78.",,Central Indo-Pacific,FALSE,TRUE,FALSE,2025-11-26,Romeu S. Ribeiro,Romeu S. Ribeiro
421138,"Amphibalanus eburneus (Gould, 1841)",Animalia,Arthropoda,Thecostraca,Balanomorpha,Balanidae,Amphibalanus,species,ICZN,Mainland,PT,present,introduced,colonising,hullFouling,ballastWater,,,,,,2015,,http://hdl.handle.net/10400.1/7893,,Tropical Atlantic,FALSE,TRUE,FALSE,2025-11-26,Romeu S. Ribeiro,Romeu S. Ribeiro
421138,"Amphibalanus eburneus (Gould, 1841)",Animalia,Arthropoda,Thecostraca,Balanomorpha,Balanidae,Amphibalanus,species,ICZN,Azores,PT,present,introduced,colonising,hullFouling,ballastWater,,,,,,1998,,http://hdl.handle.net/10400.3/1473,,Tropical Atlantic,FALSE,TRUE,FALSE,2025-11-26,Romeu S. Ribeiro,Romeu S. Ribeiro
421139,"Amphibalanus improvisus (Darwin, 1854)",Animalia,Arthropoda,Thecostraca,Balanomorpha,Balanidae,Amphibalanus,species,ICZN,Mainland,PT,present,introduced,widespreadInvasive,hullFouling,ballastWater,,,,,,1956,,"Fischer-Piette E. & Prenant, M. (1957). Quelques données ecologiques sur les cirripèdes intercotidaux du Portugal, de l'Espagne du sud et du nord du Maroc. Bulletin du Centre d’ Etudes de Recherches Scientifiques, Biarritz1: 361-368.",,Temperate South America,FALSE,TRUE,FALSE,2025-11-26,Romeu S. Ribeiro,Romeu S. Ribeiro
102005,"Ampithoe valida Smith, 1873",Animalia,Arthropoda,Malacostraca,Amphipoda,Ampithoidae,Ampithoe,species,ICZN,Mainland,PT,present,introduced,colonising,ballastWater,,,,,,,1985,,https://doi.org/10.1007/BF02334807,,Temperate Northern Atlantic (Cold Temperate Northwest Atlantic),FALSE,TRUE,FALSE,2025-11-26,Romeu S. Ribeiro,Romeu S. Ribeiro
122885,"Anguillicola crassus Kuwahara, Niimi & Itagaki, 1974",Animalia,Nematoda,Chromadorea,Rhabditida,Anguillicolidae,Anguillicola,species,ICZN,Mainland,PT,present,introduced,established,contaminantOnAnimals,,,,,,,1988,,https://doi.org/10.14195/978-989-26-0336-0_32,,Temperate Northern Pacific,FALSE,TRUE,FALSE,2025-11-26,Romeu S. Ribeiro,Romeu S. Ribeiro
233434,"Anomia chinensis R. A. Philippi, 1849",Animalia,Mollusca,Bivalvia,Pectinida,Anomiidae,Anomia,species,ICZN,Mainland,PT,present,introduced,casual,hullFouling,ballastWater,,,,,,2022,,https://doi.org/10.1007/s11852-023-00979-3,,Temperate Northern Pacific,FALSE,TRUE,FALSE,2025-11-26,Romeu S. Ribeiro,Romeu S. Ribeiro
144505,"Anotrichium furcellatum (J. Agardh) Baldock, 1976",Plantae,Rhodophyta,Florideophyceae,Ceramiales,Wrangeliaceae,Anotrichium,species,ICN,Mainland,PT,present,introduced,invasive,hullFouling,,,,,,,1969,,"Ardré, F. (1970). Contribution a l'etude sed algues marines du Portugal. I. La flore. Portug. Acta biol., 10, 137-532.",,Temperate Northern Pacific,FALSE,TRUE,FALSE,2025-11-26,Romeu S. Ribeiro,Romeu S. Ribeiro
730437,"Anteaeolidiella lurana (Ev. Marcus & Er. Marcus, 1967)",Animalia,Mollusca,Gastropoda,Nudibranchia,Aeolidiidae,Anteaeolidiella,species,ICZN,Mainland,PT,present,introduced,reproducing,hullFouling,ballastWater,,,,,,2018,,https://doi.org/10.21411/CBM.A.4AFC9D1F,,Temperate South America,FALSE,TRUE,FALSE,2025-11-26,Romeu S. Ribeiro,Romeu S. Ribeiro
233434,"Antiopella cristata (Delle Chiaje, 1841)",Animalia,Mollusca,Gastropoda,Nudibranchia,Janolidae,Antiopella,species,ICZN,Azores,PT,present,introduced,reproducing,,,,,,,,2008,,https://doi.org/10.1017/S1755267213000110.,,Temperate Northern Atlantic,FALSE,TRUE,FALSE,2025-11-26,Romeu S. Ribeiro,Romeu S. Ribeiro
233434,"Antiopella cristata (Delle Chiaje, 1841)",Animalia,Mollusca,Gastropoda,Nudibranchia,Janolidae,Antiopella,species,ICZN,Madeira,PT,present,introduced,casual,,,,,,,,1996,,https://doi.org/10.1007/BF02908748,,Temperate Northern Atlantic,FALSE,TRUE,FALSE,2025-11-26,Romeu S. Ribeiro,Romeu S. Ribeiro
494896,"Antithamnion amphigeneum A.Millar, 1990",Plantae,Rhodophyta,Florideophyceae,Ceramiales,Ceramiaceae,Antithamnion,species,ICN,Mainland,PT,present,introduced,colonising,hullFouling,,,,,,,2003,,"Berecibar, E. (2011). Long-term changes in the phytogeography of the portuguese continental coast.",,Temperate Australasia,FALSE,TRUE,FALSE,2025-11-26,Romeu S. Ribeiro,Romeu S. Ribeiro
144511,Antithamnion densum (Suhr) M.A.Howe,Plantae,Rhodophyta,Florideophyceae,Ceramiales,Ceramiaceae,Antithamnion,species,ICN,Mainland,PT,present,introduced,established,hullFouling,,,,,,,2003,,"Berecibar, E. (2011). Long-term changes in the phytogeography of the portuguese continental coast.",,Temperate South America,FALSE,TRUE,FALSE,2025-11-26,Romeu S. Ribeiro,Romeu S. Ribeiro
144511,Antithamnion densum (Suhr) M.A.Howe,Plantae,Rhodophyta,Florideophyceae,Ceramiales,Ceramiaceae,Antithamnion,species,ICN,Azores,PT,present,introduced,established,hullFouling,,,,,,,2006,,http://hdl.handle.net/10399/2437,,Temperate South America,FALSE,TRUE,FALSE,2025-11-26,Romeu S. Ribeiro,Romeu S. Ribeiro
144512,Antithamnion diminuatum Wollaston,Plantae,Rhodophyta,Florideophyceae,Ceramiales,Ceramiaceae,Antithamnion,species,ICN,Azores,PT,present,introduced,casual,hullFouling,,,,,,,1989,,https://doi.org/10.2216/i0031-8884-33-2-77.1,,Temperate Australasia,FALSE,TRUE,FALSE,2025-11-26,Romeu S. Ribeiro,Romeu S. Ribeiro
214070,"Antithamnion hubbsii E.Y.Dawson, 1962",Plantae,Rhodophyta,Florideophyceae,Ceramiales,Ceramiaceae,Antithamnion,species,ICN,Mainland,PT,present,introduced,casual,hullFouling,,,,,,,2003,,"Berecibar, E. (2011). Long-term changes in the phytogeography of the portuguese continental coast.","A. nipponicum & A. pectinatum = A. hubbsi, according to Berecibar., E.",Temperate Northern Pacific,FALSE,TRUE,FALSE,2025-11-26,Romeu S. Ribeiro,Romeu S. Ribeiro
214070,"Antithamnion hubbsii E.Y.Dawson, 1962",Plantae,Rhodophyta,Florideophyceae,Ceramiales,Ceramiaceae,Antithamnion,species,ICN,Azores,PT,present,introduced,casual,hullFouling,,,,,,,1989,,https://doi.org/10.2216/i0031-8884-33-2-77.1,"A. nipponicum & A. pectinatum = A. hubbsi, according to Berecibar., E.",Temperate Northern Pacific,FALSE,TRUE,FALSE,2025-11-26,Romeu S. Ribeiro,Romeu S. Ribeiro
144521,"Antithamnionella spirographidis (Schiffner) E.M.Wollaston, 1968",Plantae,Rhodophyta,Florideophyceae,Ceramiales,Ceramiaceae,Antithamnionella,species,ICN,Mainland,PT,present,introduced,colonising,hullFouling,,,,,,,2003,,"Berecibar, E. (2011). Long-term changes in the phytogeography of the portuguese continental coast.",,Temperate Northern Pacific,FALSE,TRUE,FALSE,2025-11-26,Romeu S. Ribeiro,Romeu S. Ribeiro
163275,Antithamnionella ternifolia (J.D.Hooker & Harvey) Lyle,Plantae,Rhodophyta,Florideophyceae,Ceramiales,Ceramiaceae,Antithamnionella,species,ICN,Mainland,PT,present,introduced,invasive,hullFouling,,,,,,,1958,,"Palminha, F. (1958). As algas marinhas de zona costeira da Arrábida e sua protecção (contribuição para o estudo ecológico), A Serra da Arrábida ea Protecção à Natureza. Publicações da Liga para a Protecção XIV, Lisboa, Portugal, 5-23.",,Temperate South America|Temperate Australasia,FALSE,TRUE,FALSE,2025-11-26,Romeu S. Ribeiro,Romeu S. Ribeiro
163275,Antithamnionella ternifolia (J.D.Hooker & Harvey) Lyle,Plantae,Rhodophyta,Florideophyceae,Ceramiales,Ceramiaceae,Antithamnionella,species,ICN,Azores,PT,present,introduced,colonising,hullFouling,,,,,,,1980,,"Castro, M. L. F., & Viegas, M. C. (1983). Estudo dos Povoamentos de Algas Fotófilas da Ilha de S. Miguel (Açores). 1 - Resultados preliminares sobre a facies de Corallina elongata Ellis & Sollander. Arquipélago, Série Ciências da Natureza, 4, 7–30.",,Temperate South America|Temperate Australasia,FALSE,TRUE,FALSE,2025-11-26,Romeu S. Ribeiro,Romeu S. Ribeiro
488687,"Aoroides longimerus Ren & Zheng, 1996",Animalia,Arthropoda,Malacostraca,Amphipoda,Aoridae,Aoroides,species,ICZN,Mainland,PT,present,introduced,established,ballastWater,hullFouling,,,,,,2011,,https://doi.org/10.12681/mms.41784,,Central Indo-Pacific,FALSE,TRUE,FALSE,2025-11-26,Romeu S. Ribeiro,Romeu S. Ribeiro
488687,"Aoroides longimerus Ren & Zheng, 1996",Animalia,Arthropoda,Malacostraca,Amphipoda,Aoridae,Aoroides,species,ICZN,Azores,PT,present,introduced,established,ballastWater,hullFouling,,,,,,2013,,"ICES (2018). Interim Report of the Working Group on Introductions and Transfers of Marine Organisms (WGITMO). 7–9 March 2018, Madeira, Portugal. ICES CM 2018/HAPISG:11. 179 pp.",,Central Indo-Pacific,FALSE,TRUE,FALSE,2025-11-26,Romeu S. Ribeiro,Romeu S. Ribeiro
488687,"Aoroides longimerus Ren & Zheng, 1996",Animalia,Arthropoda,Malacostraca,Amphipoda,Aoridae,Aoroides,species,ICZN,Madeira,PT,present,introduced,established,ballastWater,hullFouling,,,,,,2019,,https://doi.org/10.12681/mms.41784,,Central Indo-Pacific,FALSE,TRUE,FALSE,2025-11-26,Romeu S. Ribeiro,Romeu S. Ribeiro
103647,"Aplidium glabrum (Verrill, 1871)",Animalia,Chordata,Ascidiacea,Aplousobranchia,Polyclinidae,Aplidium,species,ICZN,Madeira,PT,present,introduced,established,hullFouling,ballastWater,,,,,,2013,,https://doi.org/10.1016/j.marpolbul.2019.02.072,,Temperate Northern Atlantic,FALSE,TRUE,FALSE,2025-11-26,Romeu S. Ribeiro,Romeu S. Ribeiro
888425,"Aplus assimilis (Reeve, 1846)",Animalia,Mollusca,Gastropoda,Neogastropoda,Pisaniidae,Aplus,species,ICZN,Mainland,PT,present,introduced,casual,ballastWater,,,,,,,2015,,http://hdl.handle.net/10400.1/7893,,Tropical Atlantic,FALSE,TRUE,FALSE,2025-11-26,Romeu S. Ribeiro,Romeu S. Ribeiro
888427,"Aplus dorbignyi (Payraudeau, 1826)",Animalia,Mollusca,Gastropoda,Neogastropoda,Pisaniidae,Aplus,species,ICZN,Azores,PT,present,introduced,casual,ballastWater,,,,,,,1998,,"Morton, B. S., Britton, J. C., & Martins, A. M. F. (1998). Coastal Ecology of the Azores. Edited by Sociedade Afonso Chaves. Ponta Delgada, Azores. 249 pp.",,Temperate Northern Atlantic,FALSE,TRUE,FALSE,2025-11-26,Romeu S. Ribeiro,Romeu S. Ribeiro
505946,"Arcuatula senhousia (Benson, 1842)",Animalia,Mollusca,Bivalvia,Mytilida,Mytilidae,Arcuatula,species,ICZN,Mainland,PT,present,introduced,invasive,escapeFromConfinement,ballastWater,,,,,,2015,,https://doi.org/10.17895/ices.pub.8242,,Temperate Northern Pacific,FALSE,TRUE,FALSE,2025-11-26,Romeu S. Ribeiro,Romeu S. Ribeiro
717572,"Artemia franciscana Kellog, 1906",Animalia,Arthropoda,Branchiopoda,Anostraca,Artemiidae,Artemia,species,ICZN,Mainland,PT,present,introduced,established,releaseInNature,escapeFromConfinement,ballastWater,,,,,1989,,https://doi.org/10.1007/s10530-004-9634-9,,Temperate Northern Atlantic,FALSE,TRUE,FALSE,2025-11-26,Romeu S. Ribeiro,Romeu S. Ribeiro
249981,"Ascidia curvata (Traustedt, 1882)",Animalia,Chordata,Ascidiacea,Phlebobranchia,Ascidiidae,Ascidia,species,ICZN,Madeira,PT,present,introduced,casual,transportStowaway,,,,,,,2014,,https://doi.org/10.1016/j.rsma.2021.101672,,Tropical Atlantic,FALSE,TRUE,FALSE,2025-11-26,Romeu S. Ribeiro,Romeu S. Ribeiro
103706,"Ascidia interrupta Heller, 1878",Animalia,Chordata,Ascidiacea,Phlebobranchia,Ascidiidae,Ascidia,species,ICZN,Azores,PT,present,introduced,established,transportStowaway,,,,,,,1990,,"Monniot, C. & Monniot, F. (1994). Additions to the inventory of eastern tropical Atlantic ascidians; arrival of cosmopolitan species. Bulletin of Marine Sciences, 54, 71–93.",,Tropical Atlantic,FALSE,TRUE,FALSE,2025-11-26,Romeu S. Ribeiro,Romeu S. Ribeiro
103718,"Ascidiella aspersa (Müller, 1776)",Animalia,Chordata,Ascidiacea,Phlebobranchia,Ascidiidae,Ascidiella,species,ICZN,Madeira,PT,present,introduced,casual,transportStowaway,,,,,,,2015,,https://doi.org/10.1016/j.rsma.2021.101672,,Temperate Northern Atlantic,FALSE,TRUE,FALSE,2025-11-26,Romeu S. Ribeiro,Romeu S. Ribeiro
144438,Asparagopsis armata Harvey 1855,Plantae,Rhodophyta,Florideophyceae,Bonnemaisoniales,Bonnemaisoniaceae,Asparagopsis,species,ICN,Mainland,PT,present,introduced,widespreadInvasive,transportStowaway,transportationHabitatMaterial,,,,,,1928,,"Feldmann, J. & Feldmann, G. 1942. Recherches sur les Bonnemaisoniace´es et leur alternance de ge´ne´rations. Ann. Sci. Nat. Bot. se´r. 11,3:75–175",,Temperate Australasia,FALSE,TRUE,FALSE,2025-11-26,Romeu S. Ribeiro,Romeu S. Ribeiro
144438,Asparagopsis armata Harvey 1855,Plantae,Rhodophyta,Florideophyceae,Bonnemaisoniales,Bonnemaisoniaceae,Asparagopsis,species,ICN,Madeira,PT,present,introduced,widespreadInvasive,transportStowaway,transportationHabitatMaterial,,,,,,1937,,"Ardré, F., Boudouresque, C. F., & Cabioch, J. (1973). Note préliminaire sur la mission (Biaçores) du NO Jean Charcot (Algologie). Bulletin de la Sociéte Phycologique de France, 18, 30-32.",,Temperate Australasia,FALSE,TRUE,FALSE,2025-11-26,Romeu S. Ribeiro,Romeu S. Ribeiro
144438,Asparagopsis armata Harvey 1855,Plantae,Rhodophyta,Florideophyceae,Bonnemaisoniales,Bonnemaisoniaceae,Asparagopsis,species,ICN,Azores,PT,present,introduced,widespreadInvasive,transportStowaway,transportationHabitatMaterial,,,,,,1968,,"Levring, T. (1974). The marine algae of the archipelago of Madeira. Boletim Do Museu Municipal de Funchal, 28, 5–111.",,Temperate Australasia,FALSE,TRUE,FALSE,2025-11-26,Romeu S. Ribeiro,Romeu S. Ribeiro
144439,Asparagopsis taxiformis (Delile) Trevisan de Saint-Léon,Plantae,Rhodophyta,Florideophyceae,Bonnemaisoniales,Bonnemaisoniaceae,Asparagopsis,species,ICN,Mainland,PT,present,introduced,colonising,transportStowaway,,,,,,,2002,,"Berecibar, E. (2016). Identificação das espécies de macroalgas não indígenas da costa portuguesa. Projeto BioMar PT, Porto, Lisbon, Portugal, 145.",,Temperate Australasia,FALSE,TRUE,FALSE,2025-11-26,Romeu S. Ribeiro,Romeu S. Ribeiro
144439,Asparagopsis taxiformis (Delile) Trevisan de Saint-Léon,Plantae,Rhodophyta,Florideophyceae,Bonnemaisoniales,Bonnemaisoniaceae,Asparagopsis,species,ICN,Madeira,PT,present,introduced,colonising,transportStowaway,,,,,,,1928,,"Ardré, F., Boudouresque, C. F., & Cabioch, J. (1973). Note préliminaire sur la mission (Biaçores) du NO Jean Charcot (Algologie). Bulletin de la Sociéte Phycologique de France, 18, 30-32.",,Temperate Australasia,FALSE,TRUE,FALSE,2025-11-26,Romeu S. Ribeiro,Romeu S. Ribeiro
144439,Asparagopsis taxiformis (Delile) Trevisan de Saint-Léon,Plantae,Rhodophyta,Florideophyceae,Bonnemaisoniales,Bonnemaisoniaceae,Asparagopsis,species,ICN,Azores,PT,present,introduced,colonising,transportStowaway,,,,,,,1968,,"Levring, T. (1974). The marine algae of the archipelago of Madeira. Boletim Do Museu Municipal de Funchal, 28, 5–111.",,Temperate Australasia,FALSE,TRUE,FALSE,2025-11-26,Romeu S. Ribeiro,Romeu S. Ribeiro
712167,"Austrominius modestus (Darwin, 1854)",Animalia,Arthropoda,Thecostraca,Balanomorpha,Elminiidae,Austrominius,species,ICZN,Mainland,PT,present,introduced,invasive,ballastWater,hullFouling,,,,,,1956,,"Fischer-Piette E. & Prenant, M. (1957). Quelques données ecologiques sur les cirripèdes intercotidaux du Portugal, de l'Espagne du sud et du nord du Maroc. Bulletin du Centre d’ Etudes de Recherches Scientifiques, Biarritz1: 361-368.",,Temperate Australasia,FALSE,TRUE,FALSE,2025-11-26,Romeu S. Ribeiro,Romeu S. Ribeiro
712167,"Austrominius modestus (Darwin, 1854)",Animalia,Arthropoda,Thecostraca,Balanomorpha,Elminiidae,Austrominius,species,ICZN,Madeira,PT,present,introduced,colonising,ballastWater,hullFouling,,,,,,2005,,"Wirtz, P. (2006). Ten invertebrates new for the marine fauna of Madeira. Arquipélago - Life and Marine Science, 23A, 75–78.",,Temperate Australasia,FALSE,TRUE,FALSE,2025-11-26,Romeu S. Ribeiro,Romeu S. Ribeiro
394848,"Balanus glandula Darwin, 1854",Animalia,Arthropoda,Thecostraca,Balanomorpha,Balanidae,Balanus,species,ICZN,Mainland,PT,present,introduced,established,contaminantOnAnimals,hullFouling,,,,,,2017,,https://doi.org/10.1016/j.marpolbul.2021.112776,,Temperate Northern Pacific,FALSE,TRUE,FALSE,2025-12-04,Romeu S. Ribeiro,Romeu S. Ribeiro
106223,"Balanus trigonus Darwin, 1854",Animalia,Arthropoda,Thecostraca,Balanomorpha,Balanidae,Balanus,species,ICZN,Mainland,PT,present,introduced,widespreadInvasive,transportStowaway,,,,,,,2013,,"Canning-Clode, J. (pers. comm.)",,Central Indo-Pacific,FALSE,TRUE,FALSE,2025-12-04,Romeu S. Ribeiro,Romeu S. Ribeiro
106223,"Balanus trigonus Darwin, 1854",Animalia,Arthropoda,Thecostraca,Balanomorpha,Balanidae,Balanus,species,ICZN,Madeira,PT,present,introduced,colonising,transportStowaway,,,,,,,1916,,https://doi.org/10.5962/bhl.title.1144,,Central Indo-Pacific,FALSE,TRUE,FALSE,2025-12-04,Romeu S. Ribeiro,Romeu S. Ribeiro
106223,"Balanus trigonus Darwin, 1854",Animalia,Arthropoda,Thecostraca,Balanomorpha,Balanidae,Balanus,species,ICZN,Azores,PT,present,introduced,invasive,transportStowaway,,,,,,,1887,,"Gruvel, A. (1920). ""Cirrhipèdes"". Résultats des campagnes scientifiques accomplies sur son yacht par Albert 1er. Prince Souverain de Monaco, 53, 1–88.",,Central Indo-Pacific,FALSE,TRUE,FALSE,2025-12-04,Romeu S. Ribeiro,Romeu S. Ribeiro
512207,"Beania maxilladentata Ramalho, Muricy & Taylor, 2010",Animalia,Bryozoa,Gymnolaemata,Cheilostomatida,Beaniidae,Beania,species,ICZN,Madeira,PT,present,introduced,established,hullFouling,,,,,,,2013,,https://doi.org/10.11646/zootaxa.3925.4.7,,Tropical Atlantic,FALSE,TRUE,FALSE,2025-12-04,Romeu S. Ribeiro,Romeu S. Ribeiro
181032,"Bedeva paivae (Crosse, 1864)",Animalia,Mollusca,Gastropoda,Neogastropoda,Muricidae,Bedeva,species,ICZN,Madeira,PT,present,introduced,established,transportStowaway,,,,,,,1993,,https://biostor.org/reference/145959,,Temperate Australasia,FALSE,TRUE,FALSE,2025-12-04,Romeu S. Ribeiro,Romeu S. Ribeiro
117313,"Blackfordia virginica Mayer, 1910",Animalia,Cnidaria,Hydrozoa,Leptothecata,Blackfordiidae,Blackfordia,species,ICZN,Mainland,PT,present,introduced,invasive,ballastWater,,,,,,,1984,,https://doi.org/10.1017/S0025315400026606,,Temperate Northern Atlantic,FALSE,TRUE,FALSE,2025-12-04,Romeu S. Ribeiro,Romeu S. Ribeiro
144442,"Bonnemaisonia hamifera Hariot, 1891",Plantae,Rhodophyta,Florideophyceae,Bonnemaisoniales,Bonnemaisoniaceae,Bonnemaisonia,species,ICZN,Mainland,PT,present,introduced,established,transportStowaway,,,,,,,2003,,"Berecibar, E. (2011). Long-term changes in the phytogeography of the portuguese continental coast.",,Temperate Northern Pacific,FALSE,TRUE,FALSE,2025-12-04,Romeu S. Ribeiro,Romeu S. Ribeiro
144442,"Bonnemaisonia hamifera Hariot, 1891",Plantae,Rhodophyta,Florideophyceae,Bonnemaisoniales,Bonnemaisoniaceae,Bonnemaisonia,species,ICZN,Azores,PT,present,introduced,established,transportStowaway,,,,,,,1988,,"Neto, A. (1989). Algas marinhas do Litoral da ilha Graciosa. Graciosa/88, Relatório Preliminar, 61–65.",,Temperate Northern Pacific,FALSE,TRUE,FALSE,2025-12-04,Romeu S. Ribeiro,Romeu S. Ribeiro
252278,"Botrylloides diegensis Ritter & Forsyth, 1917",Animalia,Chordata,Ascidiacea,Stolidobranchia,Styelidae,Botrylloides,species,ICZN,Mainland,PT,present,introduced,established,contaminantOnAnimals,,,,,,,2021,,https://doi.org/10.3389/fnut.2022.888360,,Central Indo-Pacific,FALSE,TRUE,FALSE,2025-12-04,Romeu S. Ribeiro,Romeu S. Ribeiro
252289,"Botrylloides niger Herdman, 1886",Animalia,Chordata,Ascidiacea,Stolidobranchia,Styelidae,Botrylloides,species,ICZN,Mainland,PT,present,introduced,casual,hullFouling,,,,,,,2019,,"Ribeiro et al., 2026",,Tropical Atlantic,FALSE,TRUE,FALSE,2025-12-04,Romeu S. Ribeiro,Romeu S. Ribeiro
252289,"Botrylloides niger Herdman, 1886",Animalia,Chordata,Ascidiacea,Stolidobranchia,Styelidae,Botrylloides,species,ICZN,Madeira,PT,present,introduced,established,hullFouling,,,,,,,2013,,https://doi.org/10.1016/j.marpolbul.2017.03.017,,Tropical Atlantic,FALSE,TRUE,FALSE,2025-12-04,Romeu S. Ribeiro,Romeu S. Ribeiro
148715,"Botrylloides violaceus Oka, 1927",Animalia,Chordata,Ascidiacea,Stolidobranchia,Styelidae,Botrylloides,species,ICZN,Mainland,PT,present,introduced,colonising,hullFouling,,,,,,,2006,,"Quintino, V. (com. pess.)",,Temperate Northern Pacific,FALSE,TRUE,FALSE,2025-12-04,Romeu S. Ribeiro,Romeu S. Ribeiro
148715,"Botrylloides violaceus Oka, 1927",Animalia,Chordata,Ascidiacea,Stolidobranchia,Styelidae,Botrylloides,species,ICZN,Madeira,PT,present,introduced,casual,hullFouling,,,,,,,2007,,https://doi.org/10.3391/ai.2013.8.3.02,,Temperate Northern Atlantic,FALSE,TRUE,FALSE,2025-12-04,Romeu S. Ribeiro,Romeu S. Ribeiro
148715,"Botrylloides violaceus Oka, 1927",Animalia,Chordata,Ascidiacea,Stolidobranchia,Styelidae,Botrylloides,species,ICZN,Azores,PT,present,introduced,established,hullFouling,,,,,,,2009,,https://doi.org/10.1016/j.marenvres.2013.12.007,,Temperate Northern Atlantic,FALSE,TRUE,FALSE,2025-12-04,Romeu S. Ribeiro,Romeu S. Ribeiro
103862,"Botryllus schlosseri (Pallas, 1766)",Animalia,Chordata,Ascidiacea,Stolidobranchia,Styelidae,Botryllus,species,ICZN,Mainland,PT,present,uncertain,invasive,transportStowaway,,,,,,,1970,,"Saldanha L. (1974). Estudo do povoamento dos horizontes superiores da rocha litoral da costa da Arrábida. Arquivos do Museu Bocage, Segunda Série, V(1): 1-382 (PhD thesis)",,Uncertain,FALSE,TRUE,FALSE,2025-12-04,Romeu S. Ribeiro,Romeu S. Ribeiro
103862,"Botryllus schlosseri (Pallas, 1766)",Animalia,Chordata,Ascidiacea,Stolidobranchia,Styelidae,Botryllus,species,ICZN,Madeira,PT,present,uncertain,established,transportStowaway,,,,,,,2004,,https://doi.org/10.1111/j.1439-0485.2007.00210.x,,Uncertain,FALSE,TRUE,FALSE,2025-12-04,Romeu S. Ribeiro,Romeu S. Ribeiro
103862,"Botryllus schlosseri (Pallas, 1766)",Animalia,Chordata,Ascidiacea,Stolidobranchia,Styelidae,Botryllus,species,ICZN,Azores,PT,present,introduced,established,transportStowaway,,,,,,,1971,,https://doi.org/10.5962/p.278941,,Uncertain,FALSE,TRUE,FALSE,2025-12-04,Romeu S. Ribeiro,Romeu S. Ribeiro
397026,"Brachidontes exustus (Linnaeus, 1758)",Animalia,Mollusca,Bivalvia,Mytilida,Mytilidae,Brachidontes,species,ICZN,Mainland,PT,present,introduced,casual,transportStowaway,,,,,,,2016,,https://hdl.handle.net/10216/122979,,Temperate Northern Atlantic,FALSE,TRUE,FALSE,2025-12-04,Romeu S. Ribeiro,Romeu S. Ribeiro
421070,"Branchiomma bairdi (McIntosh, 1885)",Animalia,Annelida,Polychaeta,Sabellida,Sabellidae,Branchiomma,species,ICZN,Mainland,PT,present,introduced,casual,transportStowaway,,,,,,,2019,,"Ribeiro et al., 2026",,Tropical Atlantic,FALSE,TRUE,FALSE,2025-12-04,Romeu S. Ribeiro,Romeu S. Ribeiro
130881,"Branchiomma luctuosum (Grube, 1870)",Animalia,Annelida,Polychaeta,Sabellida,Sabellidae,Branchiomma,species,ICZN,Mainland,PT,present,introduced,established,transportStowaway,,,,,,,2015,,"Gonçalves, J., Afonso, C., Oliveira, F. & Machado, M. (2019). Infraestruturas para ILS e Linha da Proximação da Pista 10, Ampliação de Plataformas e Caminhos de Circulação e Ampliação e Remodelação da Aerogare do Aeroporto de Faro. Programa de Monitorização: Fase de exploração",,Western Indo-Pacific,FALSE,TRUE,FALSE,2025-12-04,Romeu S. Ribeiro,Romeu S. Ribeiro
130881,"Branchiomma luctuosum (Grube, 1870)",Animalia,Annelida,Polychaeta,Sabellida,Sabellidae,Branchiomma,species,ICZN,Azores,PT,present,introduced,established,transportStowaway,,,,,,,2016,,https://doi.org/10.17895/ices.pub.8242,,Western Indo-Pacific,FALSE,TRUE,FALSE,2025-12-04,Romeu S. Ribeiro,Romeu S. Ribeiro
182695,"Branchiura sowerbyi Beddard, 1892",Animalia,Annelida,Clitellata,Tubificida,Naididae,Branchiura,species,ICZN,Mainland,PT,present,introduced,failing,transportStowaway,,,,,,,1988,,https://doi.org/10.1007/BF02084237,,Tropical Eastern Pacific,FALSE,TRUE,FALSE,2025-12-04,Romeu S. Ribeiro,Romeu S. Ribeiro
111158,"Bugula neritina (Linnaeus, 1758)",Animalia,Bryozoa,Gymnolaemata,Cheilostomatida,Bugulidae,Bugula,species,ICZN,Mainland,PT,present,uncertain,widespreadInvasive,hullFouling,,,,,,,1984,,"Dexter, D.M. (1992). Soft bottom invertebrates of portuguese benthos. Bol. Inst. Nac. Invest. Pescas, 17: 61-88.",,Uncertain,FALSE,TRUE,FALSE,2025-12-04,Romeu S. Ribeiro,Romeu S. Ribeiro
111158,"Bugula neritina (Linnaeus, 1758)",Animalia,Bryozoa,Gymnolaemata,Cheilostomatida,Bugulidae,Bugula,species,ICZN,Madeira,PT,present,introduced,widespreadInvasive,hullFouling,,,,,,,1897,,https://doi.org/10.1111/j.1096-3642.1909.tb02407.x,,Uncertain,FALSE,TRUE,FALSE,2025-12-04,Romeu S. Ribeiro,Romeu S. Ribeiro
111158,"Bugula neritina (Linnaeus, 1758)",Animalia,Bryozoa,Gymnolaemata,Cheilostomatida,Bugulidae,Bugula,species,ICZN,Azores,PT,present,introduced,widespreadInvasive,hullFouling,,,,,,,2001,,"Tempera, F., Afonso, P., Morato, T., Prieto, R., Silva, M., Cruz, A., Gonçalves, J., & Santos, R. S. (2001). Comunidades biológicas dos Sítios de Interesse Comunitário do Canal Faial-Pico. Arquivos do DOP, Horta, Portugal.",,Uncertain,FALSE,TRUE,FALSE,2025-12-04,Romeu S. Ribeiro,Romeu S. Ribeiro
834016,"Bugulina simplex (Hincks, 1886)",Animalia,Bryozoa,Gymnolaemata,Cheilostomatida,Bugulidae,Bugulina,species,ICZN,Mainland,PT,present,introduced,established,hullFouling,,,,,,,2016,,https://hdl.handle.net/10216/122979,,Temperate Northern Atlantic,FALSE,TRUE,FALSE,2025-12-04,Romeu S. Ribeiro,Romeu S. Ribeiro
834016,"Bugulina simplex (Hincks, 1886)",Animalia,Bryozoa,Gymnolaemata,Cheilostomatida,Bugulidae,Bugulina,species,ICZN,Madeira,PT,present,introduced,established,hullFouling,,,,,,,2013,,https://doi.org/10.1186/s10152-016-0465-8,,Temperate Northern Atlantic,FALSE,TRUE,FALSE,2025-12-04,Romeu S. Ribeiro,Romeu S. Ribeiro
834016,"Bugulina simplex (Hincks, 1886)",Animalia,Bryozoa,Gymnolaemata,Cheilostomatida,Bugulidae,Bugulina,species,ICZN,Azores,PT,present,introduced,established,hullFouling,,,,,,,1998,,"Morton, B., & Britton, J.C. (2000). Origins of the Azorean intertidal biota: the significance of introduced species, survivors of chance events. Arquipélago - Life and Marine Science, 2, 29–51.",,Temperate Northern Atlantic,FALSE,TRUE,FALSE,2025-12-04,Romeu S. Ribeiro,Romeu S. Ribeiro
834018,"Bugulina stolonifera (Ryland, 1960)",Animalia,Bryozoa,Gymnolaemata,Cheilostomatida,Bugulidae,Bugulina,species,ICZN,Mainland,PT,present,introduced,established,hullFouling,,,,,,,1977,,"Dexter, D.M. (1992). Soft bottom invertebrates of portuguese benthos. Bol. Inst. Nac. Invest. Pescas, 17: 61-88.",,Temperate Northern Atlantic |Tropical Atlantic,FALSE,TRUE,FALSE,2025-12-04,Romeu S. Ribeiro,Romeu S. Ribeiro
834018,"Bugulina stolonifera (Ryland, 1960)",Animalia,Bryozoa,Gymnolaemata,Cheilostomatida,Bugulidae,Bugulina,species,ICZN,Madeira,PT,present,introduced,established,hullFouling,,,,,,,2013,,https://doi.org/10.3391/ai.2013.8.3.02,,Temperate Northern Atlantic |Tropical Atlantic,FALSE,TRUE,FALSE,2025-12-04,Romeu S. Ribeiro,Romeu S. Ribeiro
834018,"Bugulina stolonifera (Ryland, 1960)",Animalia,Bryozoa,Gymnolaemata,Cheilostomatida,Bugulidae,Bugulina,species,ICZN,Azores,PT,present,introduced,established,hullFouling,,,,,,,1998,,https://doi.org/10.1007/s10152-006-0034-7,,Temperate Northern Atlantic |Tropical Atlantic,FALSE,TRUE,FALSE,2025-12-04,Romeu S. Ribeiro,Romeu S. Ribeiro
107379,"Callinectes sapidus Rathbun, 1896",Animalia,Arthropoda,Malacostraca,Decapoda,Portunidae,Callinectes,species,ICZN,Mainland,PT,present,introduced,widespreadInvasive,ballastWater,,,,,,,1978,,"Gaudêncio, M. J. & Guerra, T. (1979). Note sur la presence de Callinectes sapidus Rathbun 1896 (Crustacea Decapoda Brachyura) dans l'estuaire du Taje.",,Temperate Northern Atlantic,FALSE,TRUE,FALSE,2025-12-04,Romeu S. Ribeiro,Romeu S. Ribeiro
236551,"Caprella scaura Templeton, 1836",Animalia,Arthropoda,Malacostraca,Amphipoda,Caprellidae,Caprella,species,ICZN,Mainland,PT,present,introduced,invasive,contaminantOnAnimals,hullFouling,,,,,,1985,,"Marques, J. C., & Bellan-Santini, D. (1985). Contribution à l'étude systématique et écologique des amphipodes (Crustacea-Amphipoda) des côtes du Portugal. Premier inventaire des espèces (Gammariens et Caprelliens). Ciência Biologica, 5, 299-353.",,Western Indo-Pacific,FALSE,TRUE,FALSE,2025-12-04,Romeu S. Ribeiro,Romeu S. Ribeiro
236551,"Caprella scaura Templeton, 1836",Animalia,Arthropoda,Malacostraca,Amphipoda,Caprellidae,Caprella,species,ICZN,Madeira,PT,present,introduced,established,hullFouling,,,,,,,2013,,https://doi.org/10.1007/s12526-016-0485-2,,Western Indo-Pacific,FALSE,TRUE,FALSE,2025-12-04,Romeu S. Ribeiro,Romeu S. Ribeiro
236551,"Caprella scaura Templeton, 1836",Animalia,Arthropoda,Malacostraca,Amphipoda,Caprellidae,Caprella,species,ICZN,Azores,PT,present,introduced,established,hullFouling,,,,,,,2013,,https://doi.org/10.3391/bir.2015.4.2.05,,Western Indo-Pacific,FALSE,TRUE,FALSE,2025-12-04,Romeu S. Ribeiro,Romeu S. Ribeiro
395098,"Carijoa riisei (Duchassaing & Michelotti, 1860)",Animalia,Cnidaria,Anthozoa,Malacalcyonacea,Carijoidae,Carijoa,species,ICZN,Mainland,PT,present,introduced,casual,contaminantOnAnimals,,,,,,,2016,,https://hdl.handle.net/10216/122979,,Western Indo-Pacific,FALSE,TRUE,FALSE,2025-12-04,Romeu S. Ribeiro,Romeu S. Ribeiro
496188,"Caulacanthus okamurae Yamada, 1933",Plantae,Rhodophyta,Florideophyceae,Gigartinales,Caulacanthaceae,Caulacanthus,species,ICN,Mainland,PT,present,introduced,established,hullFouling,,,,,,,2006,,https://doi.org/10.1080/09670262.2023.2256828,,Temperate Northern Pacific,FALSE,TRUE,FALSE,2025-12-04,Romeu S. Ribeiro,Romeu S. Ribeiro
394868,"Celleporaria brunnea (Hincks, 1884)",Animalia,Bryozoa,Gymnolaemata,Cheilostomatida,Celleporidae,Celleporaria,species,ICZN,Mainland,PT,present,introduced,reproducing,hullFouling,contaminantOnAnimals,,,,,,2012,,https://doi.org/10.1017/S1755267213000821,,Temperate Northern Pacific |Tropical Eastern Pacific,FALSE,TRUE,FALSE,2025-12-04,Romeu S. Ribeiro,Romeu S. Ribeiro
394868,"Celleporaria brunnea (Hincks, 1884)",Animalia,Bryozoa,Gymnolaemata,Cheilostomatida,Celleporidae,Celleporaria,species,ICZN,Madeira,PT,present,introduced,established,hullFouling,,,,,,,2018,,https://doi.org/10.1007/s12526-023-01355-y,,Temperate Northern Pacific |Tropical Eastern Pacific,FALSE,TRUE,FALSE,2025-12-04,Romeu S. Ribeiro,Romeu S. Ribeiro
468256,"Celleporaria inaudita Tilbrook, Hayward & Gordon, 2001",Animalia,Bryozoa,Gymnolaemata,Cheilostomatida,Celleporidae,Celleporaria,species,ICZN,Madeira,PT,present,introduced,established,hullFouling,,,,,,,2007,,https://doi.org/10.3391/ai.2013.8.3.02,,Central Indo-Pacific,FALSE,TRUE,FALSE,2025-12-04,Romeu S. Ribeiro,Romeu S. Ribeiro
573293,"Cephalothrix simula (Iwata, 1952)",Animalia,Nemertea,Palaeonemertea,Archinemertea,Cephalotrichidae,Cephalothrix,species,ICZN,Mainland,PT,present,introduced,casual,contaminantOnAnimals,ballastWater,,,,,,2016,,https://hdl.handle.net/10216/122979,,Temperate Northern Pacific,FALSE,TRUE,FALSE,2025-12-04,Romeu S. Ribeiro,Romeu S. Ribeiro
848025,"Chaetopleura angulata (Spengler, 1797)",Animalia,Mollusca,Polyplacophora,Chitonida,Chaetopleuridae,Chaetopleura,species,ICZN,Mainland,PT,present,introduced,widespreadInvasive,hullFouling,,,,,,,1795,,"Tilesius, W. A. (1802). Beschreibumg einer neuen Chiton species ausdem Tagus, Chiton lusitanicus. Jahrb. Naturgesch, 213-221.",,Temperate South America,FALSE,TRUE,FALSE,2025-12-04,Romeu S. Ribeiro,Romeu S. Ribeiro
103732,"Ciona intestinalis (Linnaeus, 1767)",Animalia,Chordata,Ascidiacea,Phlebobranchia,Cionidae,Ciona,species,ICZN,Mainland,PT,present,native,native,,,,,,,,,,,,Temperate Northern Atlantic,FALSE,TRUE,FALSE,2025-12-04,Romeu S. Ribeiro,Romeu S. Ribeiro
103732,"Ciona intestinalis (Linnaeus, 1767)",Animalia,Chordata,Ascidiacea,Phlebobranchia,Cionidae,Ciona,species,ICZN,Madeira,PT,present,uncertain,established,,,,,,,,1992,,https://doi.org/10.1016/j.rsma.2021.101672,,Temperate Northern Atlantic,FALSE,TRUE,FALSE,2025-12-04,Romeu S. Ribeiro,Romeu S. Ribeiro
103732,"Ciona intestinalis (Linnaeus, 1767)",Animalia,Chordata,Ascidiacea,Phlebobranchia,Cionidae,Ciona,species,ICZN,Azores,PT,present,introduced,casual,hullFouling,ballastWater,,,,,,2014,,"Marina, J. G., Micael, J., & Costa, A. C. (2015). A new non-indigenous species report: Ciona intestinalis (Linnaeus, 1767) in Vila Franca do Campo marina. Poster communication at seminar in Marine Non-Indigenous Species – 18th February, University of the Azores, Ponta Delgada, Portugal.",,Temperate Northern Atlantic,FALSE,TRUE,FALSE,2025-12-04,Romeu S. Ribeiro,Romeu S. Ribeiro
252565,Ciona robusta Hoshino and Tokioka 1967,Animalia,Chordata,Ascidiacea,Phlebobranchia,Cionidae,Ciona,species,ICZN,Mainland,PT,present,introduced,reproducing,contaminantOnAnimals,ballastWater,hullFouling,,,,,2020,,https://doi.org/10.3389/fnut.2022.888360,,Temperate Northern Pacific,FALSE,TRUE,FALSE,2025-12-04,Romeu S. Ribeiro,Romeu S. Ribeiro
103551,"Clavelina dellavallei (Zirpolo, 1925)",Animalia,Chordata,Ascidiacea,Aplousobranchia,Clavelinidae,Clavelina,species,ICZN,Madeira,PT,present,introduced,established,transportStowaway,,,,,,,1995,,https://doi.org/10.1007/BF02908748,,Temperate Northern Atlantic,FALSE,TRUE,FALSE,2025-12-04,Romeu S. Ribeiro,Romeu S. Ribeiro
103552,"Clavelina lepadiformis (Müller, 1776)",Animalia,Chordata,Ascidiacea,Aplousobranchia,Clavelinidae,Clavelina,species,ICZN,Mainland,PT,present,native,native,,,,,,,,,,,,Temperate Northern Atlantic,FALSE,TRUE,FALSE,2025-12-04,Romeu S. Ribeiro,Romeu S. Ribeiro
103552,"Clavelina lepadiformis (Müller, 1776)",Animalia,Chordata,Ascidiacea,Aplousobranchia,Clavelinidae,Clavelina,species,ICZN,Madeira,PT,present,introduced,established,transportStowaway,,,,,,,1971,,https://doi.org/10.5962/p.278941,,Temperate Northern Atlantic,FALSE,TRUE,FALSE,2025-12-04,Romeu S. Ribeiro,Romeu S. Ribeiro
103552,"Clavelina lepadiformis (Müller, 1776)",Animalia,Chordata,Ascidiacea,Aplousobranchia,Clavelinidae,Clavelina,species,ICZN,Azores,PT,present,introduced,established,transportStowaway,,,,,,,1995,,https://doi.org/10.1007/BF02908748,,Temperate Northern Atlantic,FALSE,TRUE,FALSE,2025-12-04,Romeu S. Ribeiro,Romeu S. Ribeiro
103554,"Clavelina oblonga Herdman, 1880",Animalia,Chordata,Ascidiacea,Aplousobranchia,Clavelinidae,Clavelina,species,ICZN,Madeira,PT,present,introduced,established,transportStowaway,,,,,,,2013,,http://dx.doi.org/10.13140/RG.2.2.15470.84809,,Tropical Atlantic,FALSE,TRUE,FALSE,2025-12-04,Romeu S. Ribeiro,Romeu S. Ribeiro
103554,"Clavelina oblonga Herdman, 1880",Animalia,Chordata,Ascidiacea,Aplousobranchia,Clavelinidae,Clavelina,species,ICZN,Azores,PT,present,introduced,established,transportStowaway,,,,,,,1971,,https://doi.org/10.5962/p.278941,,Tropical Atlantic,FALSE,TRUE,FALSE,2025-12-04,Romeu S. Ribeiro,Romeu S. Ribeiro
211739,"Codium arabicum Kützing, 1856",Plantae,Chlorophyta,Ulvophyceae,Bryopsidales,Codiaceae,Codium,species,ICN,Mainland,PT,present,introduced,established,hullFouling,ballastWater,,,,,,2003,,"Berecibar, E. (2011). Long-term changes in the phytogeography of the portuguese continental coast.",,Western Indo-Pacific,FALSE,TRUE,FALSE,2025-12-12,Romeu S. Ribeiro,Romeu S. Ribeiro
370562,Codium fragile subsp. fragile (Suringar) Hariot,Plantae,Chlorophyta,Ulvophyceae,Bryopsidales,Codiaceae,Codium,subspecies,ICN,Mainland,PT,present,introduced,established,hullFouling,ballastWater,,,,,,2005,,"Berecibar, E. (2011). Long-term changes in the phytogeography of the portuguese continental coast.",,Temperate Northern Pacific,FALSE,TRUE,FALSE,2025-12-12,Romeu S. Ribeiro,Romeu S. Ribeiro
370562,Codium fragile subsp. fragile (Suringar) Hariot,Plantae,Chlorophyta,Ulvophyceae,Bryopsidales,Codiaceae,Codium,subspecies,ICN,Azores,PT,present,introduced,established,hullFouling,ballastWater,,,,,,1993,,"Tittley, I., & Neto, A. I. (1994). “Expedition Azores 1989”: benthic marine algae (Seaweeds) recorded from Faial and Pico. Arquipélago - Life and Marine Sciences, 12A, 1–13.",,Temperate Northern Pacific,FALSE,TRUE,FALSE,2025-12-12,Romeu S. Ribeiro,Romeu S. Ribeiro
145091,Codium taylorii P.C.Silva 1960,Plantae,Chlorophyta,Ulvophyceae,Bryopsidales,Codiaceae,Codium,species,ICN,Mainland,PT,present,introduced,established,hullFouling,ballastWater,,,,,,2004,,"Berecibar, E. (2011). Long-term changes in the phytogeography of the portuguese continental coast.",,Tropical Atlantic,FALSE,TRUE,FALSE,2025-12-12,Romeu S. Ribeiro,Romeu S. Ribeiro
145856,"Colpomenia peregrina Sauvageau, 1927",Chromista,Ochrophyta,Phaeophyceae,Ectocarpales,Scytosiphonaceae,Colpomenia,species,ICN,Mainland,PT,present,introduced,invasive,hullFouling,ballastWater,,,,,,1932,,"Ardré, F. (1970). Contribution a l'etude sed algues marines du Portugal. I. La flore. Portug. Acta biol., 10, 137-532.",,Temperate Northern Pacific,FALSE,TRUE,FALSE,2025-12-12,Romeu S. Ribeiro,Romeu S. Ribeiro
181580,"Corbicula fluminea (O. F. Müller, 1774)",Animalia,Mollusca,Bivalvia,Venerida,Cyrenidae,Corbicula,species,ICZN,Mainland,PT,present,introduced,invasive,hullFouling,ballastWater,,,,,,1978,,"Mouthon, J. (1981). Sur la présence en France et au Portugal de Corbicula (Bivalvia, Corbiculidae) originaire d’Asie. Basteria, 45(4/5), 109-116.",,Central Indo-Pacific,FALSE,TRUE,TRUE,2025-12-12,Romeu S. Ribeiro,Romeu S. Ribeiro
117428,"Cordylophora caspia (Pallas, 1771)",Animalia,Cnidaria,Hydrozoa,Anthoathecata,Cordylophoridae,Cordylophora,species,ICZN,Mainland,PT,present,introduced,colonising,contaminantOnAnimals,hullFouling,,,,,,1979,,"Cancela da Fonseca, L. C. (1989). Estudo da influência da “abertura ao mar” sobre um sistema lagunar costeiro: a lagoa de Santo André (PhD thesis, Universidade de Lisboa).",,Temperate Northern Atlantic (Black Sea),FALSE,TRUE,TRUE,2025-12-12,Romeu S. Ribeiro,Romeu S. Ribeiro
173223,"Corella eumyota Traustedt, 1882",Animalia,Chordata,Ascidiacea,Phlebobranchia,Corellidae,Corella,species,ICZN,Mainland,PT,present,introduced,colonising,hullFouling,ballastWater,,,,,,2008,,http://dx.doi.org/10.3391/ai.2010.5.2.06,,Southern Ocean,FALSE,TRUE,FALSE,2025-12-30,Romeu S. Ribeiro,Romeu S. Ribeiro
145221,Corynomorpha prismatica (J.Agardh) J.Agardh,Plantae,Rhodophyta,Florideophyceae,Halymeniales,Halymeniaceae,Corynomorpha,species,ICZN,Azores,PT,present,introduced,established,transportStowaway,,,,,,,1990,,"Fredericq, S., Serrão, E., & Norris, J. N. (1992). New records of marine red algae from the Azores. Arquipélago - Life and Marine Sciences, 10, 1–4.",,Western Indo-Pacific,FALSE,TRUE,FALSE,2025-12-30,Romeu S. Ribeiro,Romeu S. Ribeiro
133445,"Crambe crambe (Schmidt, 1862)",Animalia,Porifera,Demospongiae,Poecilosclerida,Crambeidae,Crambe,species,ICZN,Madeira,PT,present,introduced,established,hullFouling,,,,,,,2002,,https://doi.org/10.1046/j.1365-294X.2003.02022.x,,Temperate Northern Atlantic,FALSE,TRUE,FALSE,2025-12-30,Romeu S. Ribeiro,Romeu S. Ribeiro
138963,"Crepidula fornicata (Linnaeus, 1758)",Animalia,Mollusca,Gastropoda,Littorinimorpha,Calyptraeidae,Crepidula,species,ICZN,Mainland,PT,present,introduced,invasive,contaminantOnAnimals,hullFouling,ballastWater,,,,,2009,,"Callapez, P. & Matos, R. (2020). Moluscos invasores em território português e o exemplo recente de Crepidula fornicata (Linnaeus, 1758).",,Temperate Northern Atlantic,FALSE,TRUE,FALSE,2025-12-30,Romeu S. Ribeiro,Romeu S. Ribeiro
234137,"Crepipatella dilatata (Lamarck, 1822)",Animalia,Mollusca,Gastropoda,Littorinimorpha,Calyptraeidae,Crepipatella,species,ICZN,Mainland,PT,present,introduced,colonising,contaminantOnAnimals,hullFouling,ballastWater,,,,,2019,,https://doi.org/10.1016/j.csr.2023.105138,,Temperate South America,FALSE,TRUE,FALSE,2025-12-30,Romeu S. Ribeiro,Romeu S. Ribeiro
145297,Cutleria multifida (Turner) Greville 1830,Chromista,Ochrophyta,Phaeophyceae,Tilopteridales,Cutleriaceae,Cutleria,species,ICN,Azores,PT,present,introduced,established,transportStowaway,,,,,,,1870,,"Agardh, J. G. (1870). Om de under Korvetten Josephines expedition, sistliden sommar, insamlade Algerne. Royal Swedish Academy of Science.",,Temperate Northern Pacific,FALSE,TRUE,FALSE,2025-12-30,Romeu S. Ribeiro,Romeu S. Ribeiro
159313,"Cynoscion regalis (Bloch & Schneider, 1801)",Animalia,Chordata,Teleostei,Eupercaria incertae sedis,Sciaenidae,Cynoscion,species,ICZN,Mainland,PT,present,introduced,colonising,ballastWater,,,,,,,2015,,https://doi.org/10.1111/jfb.13318,,Temperate Northern Atlantic,FALSE,TRUE,FALSE,2025-12-30,Romeu S. Ribeiro,Romeu S. Ribeiro
232221,"Dasya sessilis Yamada, 1928",Plantae,Rhodophyta,Florideophyceae,Ceramiales,Delesseriaceae,Dasya,species,ICN,Mainland,PT,present,introduced,established,ballastWater,hullFouling,,,,,,1989,,"Berecibar, E. (2011). Long-term changes in the phytogeography of the portuguese continental coast.",,Temperate Northern Pacific,FALSE,TRUE,FALSE,2025-12-30,Romeu S. Ribeiro,Romeu S. Ribeiro
836896,"Dasysiphonia japonica (Yendo) H.-S.Kim, 2012",Plantae,Rhodophyta,Florideophyceae,Ceramiales,Delesseriaceae,Dasysiphonia,species,ICN,Mainland,PT,present,introduced,casual,ballastWater,hullFouling,,,,,,2020,,http://hdl.handle.net/10400.1/17472,,Temperate Northern Pacific,FALSE,TRUE,FALSE,2025-12-30,Romeu S. Ribeiro,Romeu S. Ribeiro
130902,"Desdemona ornata Banse, 1957",Animalia,Annelida,Polychaeta,Sabellida,Sabellidae,Desdemona,species,ICZN,Mainland,PT,present,introduced,invasive,ballastWater,,,,,,,1993,,"Cancela da Fonseca, L.C. & Machado, M. (1996). Caracterização das comunidades bentónicas em tanques de Piscicultura. 2º Relatório do Projecto ""Optimização da Qualidade da água em Sistemas de Aquacultura"". STRIDE (STR/Mar/0150).",,Temperate Southern Africa,FALSE,TRUE,FALSE,2025-12-30,Romeu S. Ribeiro,Romeu S. Ribeiro
133214,"Desmacella meliorata Wiedenmayer, 1977",Animalia,Porifera,Demospongiae,Desmacellida,Desmacellidae,Desmacella,species,ICZN,Azores,PT,present,introduced,casual,hullFouling,,,,,,,1979,,"Boury-Esnault, N., & Lopes, M.T. (1985). Les Démosponges Littorales de L’Archipel Des Açores. Annales de L’Institut Océanographique, 61, 149–225.",,Tropical Atlantic,FALSE,TRUE,FALSE,2025-12-30,Romeu S. Ribeiro,Romeu S. Ribeiro
395099,"Diadumene lineata (Verrill, 1869)",Animalia,Cnidaria,Anthozoa,Actiniaria,Diadumenidae,Diadumene,species,ICZN,Mainland,PT,present,introduced,colonising,hullFouling,,,,,,,2009,,http://hdl.handle.net/10451/26110,,Temperate Northern Pacific,FALSE,TRUE,FALSE,2025-12-30,Romeu S. Ribeiro,Romeu S. Ribeiro
430999,"Diamysis lagunaris Ariani & Wittmann, 2000",Animalia,Arthropoda,Malacostraca,Mysida,Mysidae,Diamysis,species,ICZN,Mainland,PT,present,introduced,established,transportStowaway,,,,,,,1996,,https://doi.org/10.1023/A:1017598204238,,Temperate Northern Atlantic,FALSE,TRUE,FALSE,2025-12-30,Romeu S. Ribeiro,Romeu S. Ribeiro
624303,"Dictyota cyanoloma Tronholm, De Clerck, A.Gómez-Garreta & Rull Lluch 2010",Chromista,Ochrophyta,Phaeophyceae,Dictyotales,Dictyotaceae,Dictyota,species,ICN,Mainland,PT,present,introduced,colonising,transportStowaway,,,,,,,2007,,"Bárbara, I., C. Peteiro, V. Peña, M. Altamirano, C. Piñeiro-Corbeira, N. Sánchez, P. Díaz-Tapia, V. García-Redondo, A. García-Fernández & M. Zanolla-Balbuena (2014) Adiciones florísticas y aportaciones corológicas para la flora bentónica marina del atlántico ibérico. Acta Botanica Malacitana, 39: 207-216.",,Temperate Australasia,FALSE,TRUE,FALSE,2025-12-30,Romeu S. Ribeiro,Romeu S. Ribeiro
624303,"Dictyota cyanoloma Tronholm, De Clerck, A.Gómez-Garreta & Rull Lluch 2010",Chromista,Ochrophyta,Phaeophyceae,Dictyotales,Dictyotaceae,Dictyota,species,ICN,Azores,PT,present,introduced,established,transportStowaway,,,,,,,2006,,https://doi.org/10.1111/j.1529-8817.2010.00908.x,,Temperate Australasia,FALSE,TRUE,FALSE,2025-12-30,Romeu S. Ribeiro,Romeu S. Ribeiro
624303,"Dictyota cyanoloma Tronholm, De Clerck, A.Gómez-Garreta & Rull Lluch 2010",Chromista,Ochrophyta,Phaeophyceae,Dictyotales,Dictyotaceae,Dictyota,species,ICN,Madeira,PT,present,introduced,established,transportStowaway,,,,,,,2006,,https://doi.org/10.1080/09670262.2016.1212998,,Temperate Australasia,FALSE,TRUE,FALSE,2025-12-30,Romeu S. Ribeiro,Romeu S. Ribeiro
250126,"Didemnum vexillum Kott, 2002",Animalia,Chordata,Ascidiacea,Aplousobranchia,Didemnidae,Didemnum,species,ICZN,Mainland,PT,present,introduced,established,transportContaminant,,,,,,,2017,,https://doi.org/10.1038/s41598-020-70307-4,,Temperate Northern Pacific,FALSE,TRUE,FALSE,2025-12-30,Romeu S. Ribeiro,Romeu S. Ribeiro
127054,"Diplodus vulgaris (Geoffroy Saint-Hilaire, 1817)",Animalia,Chordata,Teleostei,Eupercaria incertae sedis,Sparidae,Diplodus,species,ICZN,Mainland,PT,present,native,native,,,,,,,,1997,,,,Temperate Northern Atlantic,FALSE,TRUE,FALSE,2025-12-30,Romeu S. Ribeiro,Romeu S. Ribeiro
127054,"Diplodus vulgaris (Geoffroy Saint-Hilaire, 1817)",Animalia,Chordata,Teleostei,Eupercaria incertae sedis,Sparidae,Diplodus,species,ICZN,Azores,PT,present,introduced,casual,escapeFromConfinement,,,,,,,,,https://doi.org/10.1111/jfb.12162.,,Temperate Northern Atlantic,FALSE,TRUE,FALSE,2025-12-30,Romeu S. Ribeiro,Romeu S. Ribeiro
103604,"Distaplia bermudensis Van Name, 1902",Animalia,Chordata,Ascidiacea,Aplousobranchia,Holozoidae,Distaplia,species,ICZN,Madeira,PT,present,introduced,established,transportStowaway,,,,,,,2006,,https://doi.org/10.3391/ai.2013.8.3.02,,Temperate Northern | Atlantic Tropical Atlantic,FALSE,TRUE,FALSE,2025-12-30,Romeu S. Ribeiro,Romeu S. Ribeiro
103606,"Distaplia corolla Monniot F., 1974",Animalia,Chordata,Ascidiacea,Aplousobranchia,Holozoidae,Distaplia,species,ICZN,Mainland,PT,present,introduced,reproducing,transportStowaway,,,,,,,2016,,"Ramos-Esplá, A. A. & Moreira, P. (2016). Identificação das espécies de tunicados não indígenas da costa portuguesa.",,Tropical Atlantic,FALSE,TRUE,FALSE,2025-12-30,Romeu S. Ribeiro,Romeu S. Ribeiro
103606,"Distaplia corolla Monniot F., 1974",Animalia,Chordata,Ascidiacea,Aplousobranchia,Holozoidae,Distaplia,species,ICZN,Azores,PT,present,introduced,established,transportStowaway,,,,,,,1971,,https://doi.org/10.5962/p.278941,,Tropical Atlantic,FALSE,TRUE,FALSE,2025-12-30,Romeu S. Ribeiro,Romeu S. Ribeiro
103606,"Distaplia corolla Monniot F., 1974",Animalia,Chordata,Ascidiacea,Aplousobranchia,Holozoidae,Distaplia,species,ICZN,Madeira,PT,present,introduced,established,transportStowaway,,,,,,,2004,,"Wirtz, P. (2006). Ten invertebrates new for the marine fauna of Madeira. Arquipélago - Life and Marine Science, 23A, 75–78.",,Tropical Atlantic,FALSE,TRUE,FALSE,2025-12-30,Romeu S. Ribeiro,Romeu S. Ribeiro
103608,"Distaplia magnilarva (Della Valle, 1881)",Animalia,Chordata,Ascidiacea,Aplousobranchia,Holozoidae,Distaplia,species,ICZN,Madeira,PT,present,introduced,established,hullFouling,,,,,,,2013,,https://doi.org/10.5962/p.278941,,Temperate Northern Atlantic,FALSE,TRUE,FALSE,2025-12-30,Romeu S. Ribeiro,Romeu S. Ribeiro
